-- ----------------------------------------------------------------------
-- SQL data bulk transfer script generated by the MySQL Migration Toolkit
-- ----------------------------------------------------------------------

-- Disable foreign key checks
SET @OLD_FOREIGN_KEY_CHECKS=@@FOREIGN_KEY_CHECKS, FOREIGN_KEY_CHECKS=0;

INSERT INTO `test_hibernateAdapter_dbo`.`UserWishlist`(`id`, `type`, `name`, `qty`, `userid`)
VALUES ('5219ADAE-419D-4BD4-9529-CDF92FE45A85', 'CD', 'Love', 1, '402880831612f9c0011612f9c29c0001'),
  ('577F1517-CE01-43FF-9918-85F0075E53E1', 'CD', 'Abbey Road', 1, '402880831612f06f011612f070df0001'),
  ('598B88A7-0354-40DA-89BD-2791BC9BB73C', 'CD', 'The Beatles (The White Album)', 1, '402880831612f06f011612f070df0001'),
  ('AE4FD021-C99D-4487-BC4B-A953AA3C20D7', 'CD', 'The Beatles 1', 1, '402880831612f9c0011612f9c29c0001'),
  ('BE154EBE-06DF-4B10-A707-909483B19E57', 'CD', 'Abbey Road', 1, '402880831612f9c0011612f9c29c0001'),
  ('BE154EBE-06DF-4B10-A707-909483B19E58', 'CD', 'The Beatles (The White Album)', 1, '402880831612f9c0011612f9c29c0001');

INSERT INTO `test_hibernateAdapter_dbo`.`Users`(`id`, `firstName`, `lastName`, `connectInfoId`, `addressId`)
VALUES ('402880831612f06f011612f070df0001', 'Paul', 'Beatle', NULL, '402880831612f06f011612f070e80002'),
  ('402880831612f9c0011612f9c29c0001', 'John', 'Beatle', '402880831612f9c0011612f9c2a80002', NULL);

INSERT INTO `test_hibernateAdapter_dbo`.`UserConnectInfo`(`userid`, `email`, `yahooIM`, `aolIM`, `id`)
VALUES ('402880831612f9c0011612f9c29c0001', 'me@foo.com', 'jbeatle', 'johnbeatle', '402880831612f9c0011612f9c2a80002');

INSERT INTO `test_hibernateAdapter_dbo`.`UserAddress`(`userid`, `address1`, `address2`, `city`, `state`, `zip`, `id`)
VALUES ('402880831612f9c0011612f9c29c0001', 'A main st', NULL, 'Boston', 'MA', NULL, '402880831612f9c0011612f9c2bf0003'),
  ('402880831612f9c0011612f9c29c0001', 'B main st', NULL, 'Boston', 'MA', NULL, '402880831612f9c0011612f9c2bf0004'),
  ('402880831612f06f011612f070df0001', '1 main st', NULL, 'Boston', 'MA', NULL, '402880831613002701161300294d0003'),
  ('402880831612f06f011612f070df0001', '2  main st', NULL, 'Boston', 'MA', NULL, '402880831613002701161300294d0004'),
  ('402880831612f06f011612f070df0001', '3  main st', NULL, 'Boston', 'MA', NULL, '40288083161301030116130105b80003'),
  ('402880831612f06f011612f070df0001', '4  main st', NULL, 'Boston', 'MA', NULL, '40288083161301030116130105b80004'),
  ('402880831612f06f011612f070df0001', '5 main st', NULL, 'Boston', 'MA', NULL, '4028808316130d890116130d8baf0003'),
  ('402880831612f06f011612f070df0001', '6 main st', NULL, 'Boston', 'MA', NULL, '4028808316130d890116130d8bb00004'),
  ('402880831612f06f011612f070df0001', '7 main st', NULL, 'Boston', 'MA', NULL, '4028808316130fe80116130fea0e0003'),
  ('402880831612f06f011612f070df0001', '8 main st', NULL, 'Boston', 'MA', NULL, '4028808316130fe80116130fea0f0004'),
  ('402880831612f06f011612f070df0001', '9 main st', NULL, 'Boston', 'MA', NULL, '4028808316131ce60116131ce8de0003'),
  ('402880831612f06f011612f070df0001', '10 main st', NULL, 'Boston', 'MA', NULL, '4028808316131ce60116131ce8df0004');

-- Re-enable foreign key checks
SET FOREIGN_KEY_CHECKS=@OLD_FOREIGN_KEY_CHECKS;

-- End of script
